{
  "project_info": {
    "project_number": "680275014818",
    "firebase_url": "https://drop-dd104-default-rtdb.europe-west1.firebasedatabase.app",
    "project_id": "drop-dd104",
    "storage_bucket": "drop-dd104.appspot.com"
  },
  "client": [
    {
      "client_info": {
        "mobilesdk_app_id": "1:680275014818:android:aacd36d09cc9ba71ced3fb",
        "android_client_info": {
          "package_name": "com.example.app"
        }
      },
      "oauth_client": [
        {
          "client_id": "680275014818-btpqrduvu9pco2becbdfrv16edojampd.apps.googleusercontent.com",
          "client_type": 3
        }
      ],
      "api_key": [
        {
          "current_key": "AIzaSyDfniYdAE4Y-7kyB6MK86lPglzB71RP9Ac"
        }
      ],
      "services": {
        "appinvite_service": {
          "other_platform_oauth_client": [
            {
              "client_id": "680275014818-btpqrduvu9pco2becbdfrv16edojampd.apps.googleusercontent.com",
              "client_type": 3
            }
          ]
        }
      }
    }
  ],
  "configuration_version": "1"
}